{
  "__type__": "cc.SpriteFrame",
  "content": {
    "name": "HP",
    "atlas": "",
    "rect": {
      "x": 0,
      "y": 29,
      "width": 454,
      "height": 59
    },
    "offset": {
      "x": 0,
      "y": 55
    },
    "originalSize": {
      "width": 454,
      "height": 227
    },
    "rotated": false,
    "capInsets": [
      0,
      0,
      0,
      0
    ],
    "vertices": {
      "rawPosition": [
        -227,
        -29.5,
        0,
        227,
        -29.5,
        0,
        -227,
        29.5,
        0,
        227,
        29.5,
        0
      ],
      "indexes": [
        0,
        1,
        2,
        2,
        1,
        3
      ],
      "uv": [
        0,
        198,
        454,
        198,
        0,
        139,
        454,
        139
      ],
      "nuv": [
        0,
        0.6123348017621145,
        1,
        0.6123348017621145,
        0,
        0.8722466960352423,
        1,
        0.8722466960352423
      ],
      "minPos": {
        "x": -227,
        "y": -29.5,
        "z": 0
      },
      "maxPos": {
        "x": 227,
        "y": 29.5,
        "z": 0
      }
    },
    "texture": "16d999f2-be6a-4dda-ac0b-df9289e26026@6c48a",
    "packable": true,
    "pixelsToUnit": 100,
    "pivot": {
      "x": 0.5,
      "y": 0.5
    },
    "meshType": 0
  }
}